name,enrolled,community
102ND ST EEC,,Fremont
107TH ST EL,882,Fremont
109TH ST EL,366,Achievement Network
10TH ST EL,472,MacArthur Park
112TH ST EEC,,Achievement Network
112TH ST EL,384,Achievement Network
116TH ST EL,423,Achievement Network
118TH ST EL,534,Fremont
122ND ST EL,654,Fremont
135TH ST EL,649,Gardena
153RD ST EL,407,Gardena
156TH ST EL,378,Gardena
15TH ST EL,449,San Pedro
186TH ST EL,719,Gardena
1ST ST EL,463,Boyle Heights
20TH ST EL,592,Jefferson/South Central (West)
232ND PL EL,420,Carson
24TH ST EEC,,Manual Arts/Vermont Square
24TH ST EL,544,Manual Arts/Vermont Square
28TH ST EEC,,Jefferson/South Central (West)
28TH ST EL,601,Jefferson/South Central (West)
2ND ST EL,237,Boyle Heights
32ND ST USC PA MAG,1006,Manual Arts/Vermont Square
36TH ST EEC,,LA Mid-City
37TH ST EEC,,Manual Arts/Vermont Square
3RD ST EL,656,Fairfax
42ND ST EL,202,H.E.E.T. (C/D)
49TH ST EL,663,Historic Central Avenue
4TH ST EEC,,East Los Angeles
4TH ST EL,358,East Los Angeles
4TH ST PC - IND. CHARTER,,East Los Angeles
52ND ST EL,708,South Mid-City
54TH ST EL,304,LA Mid-City
59TH ST EL,240,H.E.E.T. (C/D)
61ST ST EL,680,South Mid-City
66TH ST EEC,,Rivera
66TH ST EL,782,Rivera
6TH AVE EL,430,LA Mid-City
74TH ST EL,426,H.E.E.T. (C/D)
75TH ST EEC,,Fremont
75TH ST EL,997,Fremont
7TH ST EL AI MAG,344,San Pedro
92ND ST EL,775,Achievement Network
93RD ST EL,960,Fremont
95TH ST EEC,,H.E.E.T. (W)
95TH ST EL,892,H.E.E.T. (W)
96TH ST EL,686,Achievement Network
97TH ST EEC,,Fremont
99TH ST EL,537,Gardena
9TH ST EL,252,Jefferson/South Central (West)
ACAD ENRICH SCI MAG,307,Reseda
ADAMS MS,844,Jefferson/South Central (West)
ADDAMS HS,155,Kennedy/NAHS/VAAS
AGGELER HS,117,Canoga Park/Chatsworth
ALBION ST EEC,,Lincoln Heights/El Sereno
ALBION ST EL,180,Lincoln Heights/El Sereno
ALDAMA EL,427,Eagle Rock/Highland Park
ALEXANDER SCS,649,Manual Arts/Vermont Square
ALEXANDRIA AVE EEC,,Downtown
ALEXANDRIA AVE EL,544,Downtown
ALLESANDRO EL,355,Glassell Park/Los Feliz
ALTA CALIFORNIA EL,667,Monroe
ALTA LOMA EL,409,LA Mid-City
AMANECER PC,150,East Los Angeles
AMBLER AVE EL,560,Carson
AMESTOY EL,752,Gardena
ANATOLA AVE EL,362,Cleveland
ANDASOL AVE EL,438,Kennedy/NAHS/VAAS
ANGEL'S GATE HS,82,San Pedro
ANGELES MESA EL,333,LA Mid-City
ANGELOU COMMUNITY SH,1053,Historic Central Avenue
ANN ST EL,80,Lincoln Heights/El Sereno
ANNALEE AVE EL,229,Carson
ANNANDALE EL,143,Eagle Rock/Highland Park
ANTON EEC,,East Los Angeles
ANTON EL,534,East Los Angeles
APPERSON ST EL,415,Sunland/Tujunga
ARAGON AVE EL,224,Glassell Park/Los Feliz
ARLETA SH,1254,Sun Valley
ARLINGTON HTS EL,324,LA Mid-City
ARMINTA ST EEC,,Sun Valley
ARMINTA ST EL,405,Sun Valley
ARROYO SECO MUS/S MAG,491,Eagle Rock/Highland Park
ASCOT AVE EL,786,Historic Central Avenue
ATWATER AVE EL,324,Glassell Park/Los Feliz
AUDUBON MS,452,H.E.E.T. (C/D)
AURORA EL,376,Historic Central Avenue
AVALON GARDENS EL,180,Gardena
BACA ARTS ACAD - IND CHARTER,,Rivera
BAKEWELL PC,174,Fremont
BALA,634,South Mid-City
BALBOA EL G/HG/HA MAG,714,Kennedy/NAHS/VAAS
BALDWIN HILLS EL,436,Hamilton
BANCROFT MS,558,Hollywood
BANDINI ST EL,241,San Pedro
BANNEKER CTC,170,Gardena
BANNING SH,2502,Wilmington
BARRETT EL,736,Fremont
BARTON HILL EL,488,San Pedro
BASSETT ST EL,633,Reseda
BEACHY AVE EL,469,Sun Valley
BECKFORD CES,593,Canoga Park/Chatsworth
BEETHOVEN ST EL,357,Venice
BELL SH,2388,Bell/Cudahy/Maywood
BELLINGHAM EL,451,North Hollywood/Valley Village
BELMONT SH,725,Downtown
BELVEDERE EL,649,East Los Angeles
BELVEDERE MS,801,East Los Angeles
BERENDO MS,684,Kreatwn/PcoUnion
BERNSTEIN SH,709,Hollywood
BERNSTEIN SH STEM,604,Hollywood
BERTRAND AVE EL,357,Reseda
BETHUNE MS,999,Fremont
BIRM SH - Independent Charter,,
BLYTHE ST EL,324,Cleveland
BONITA ST EL,422,Carson
BOYLE HEIGHTS HS,57,Boyle Heights
BOYLE HTS STEM MAG,160,Boyle Heights
BRADDOCK DR EL,536,Venice
BRADLEY EEC,,Rivera
BRADLEY GLBL AWR MAG,209,H.E.E.T. (C/D)
BRAINARD EL,155,Sunland/Tujunga
BRAVO SH MEDICAL MAG,1758,Lincoln Heights/El Sereno
BREED ST EL,322,Boyle Heights
BRENTWOOD EL SCI MAG,356,West LA
BRIDGE ST EL,186,Boyle Heights
BRIDGES SCHOOL,1221,Wilmington
BRIGHT EL,444,LA Mid-City
BROAD AVE EL,548,Wilmington
BROADACRES AV EL,273,Carson
BROADOUS EEC,,San Fernando Valley/Sylmar
BROADOUS EL,444,San Fernando Valley/Sylmar
BROADWAY EL,575,Venice
BROCKTON AVE EL,206,West LA
BROOKLYN AVE EEC,,East Los Angeles
BROOKLYN AVE EL,501,East Los Angeles
BRYSON AVE EL,771,South Gate
BUCHANAN ST EL,303,Eagle Rock/Highland Park
BUDLONG AVE EL,767,South Mid-City
BURBANK BLVD EL,345,North Hollywood/Valley Village
BURBANK MS A/T/C MAG,1036,Eagle Rock/Highland Park
BURKE HS,151,Panorama City
BURROUGHS MS,1591,Fairfax
BURTON ST EL,312,Panorama City
BUSHNELL WAY EL,177,Eagle Rock/Highland Park
BYRD MS,1267,Sun Valley
CABRILLO AVE EEC,,San Pedro
CABRILLO AVE EL,347,San Pedro
CAHUENGA EL,387,Kreatwn/PcoUnion
CALABASH CA,423,Taft
CALAHAN ST EL,499,Cleveland
CALVERT CES,336,Taft
CAMELLIA AVE EL,501,North Hollywood/Valley Village
CANFIELD AVE EL,412,Hamilton
CANOGA PARK EEC,,Canoga Park/Chatsworth
CANOGA PARK EL,597,Canoga Park/Chatsworth
CANOGA PRK SH,1455,Canoga Park/Chatsworth
CANTARA ST EL,407,Cleveland
CANTERBURY AVE EL,718,Sun Valley
CANYON CEL,392,West LA
CAPISTRANO AVE EL,422,Canoga Park/Chatsworth
CARDENAS EL,480,Van Nuys/Valley Glen
CARLSON HOSPITAL,313,North Hollywood/Valley Village
CARNEGIE MS,740,Carson
CAROLDALE LC,805,
CARPENTER COMM CHTR,902,North Hollywood/Valley Village
CARSON ACAD ED & EMP,530,Carson
CARSON ACAD MED ARTS,511,Carson
CARSON SH,1469,Carson
CARSON ST EL,678,Carson
CARSON-GORE ACADEMY,507,LA Mid-City
CARTHAY EL ES MAG,354,Hamilton
CARVER MS,711,Historic Central Avenue
CASTELAR ST EEC,,Downtown
CASTELAR ST EL,609,Downtown
CASTLE HTS EL,570,Hamilton
CASTLEBAY LN CHTR,660,Kennedy/NAHS/VAAS
CASTRO MS,336,Downtown
CATSKILL AVE EL,484,Carson
CDS AGGELER,82,Canoga Park/Chatsworth
CDS ALONZO,94,Hollywood
CDS JOHNSON,58,Fremont
CDS JOHNSTON,125,Harbor City/Lomita
CDS LONDON,60,Van Nuys/Valley Glen
CDS TRI-C,305,Downtown
CDS WEST HOLLYWOOD,22,Fairfax
CENTRAL HS,567,Downtown
CENTURY PARK EL,286,South Mid-City
CHANDLER EL,445,Van Nuys/Valley Glen
CHAPMAN EL,389,Gardena
CHARNOCK ROAD EL,293,Hamilton
CHASE ST EEC,,Monroe
CHASE ST EL,518,Monroe
CHATSWORTH CHS,1651,Canoga Park/Chatsworth
CHATSWORTH UP/CD MAG,441,Canoga Park/Chatsworth
CHAVEZ EL,231,Lincoln Heights/El Sereno
CHAVEZ LA ARTES MAG,388,San Fernando Valley/Sylmar
CHAVEZ LA ASE,442,San Fernando Valley/Sylmar
CHAVEZ LA SJ HUM AC,531,San Fernando Valley/Sylmar
CHAVEZ LA TECH PREP,344,San Fernando Valley/Sylmar
CHEREMOYA AVE EL,234,Hollywood
CHEVIOT HILLS HS,53,Hamilton
CIENEGA EL,469,LA Mid-City
CIMARRON AVE EL,307,South Mid-City
CITY OF ANGELS,1322,Lincoln Heights/El Sereno
CITY TERRACE EL,435,Lincoln Heights/El Sereno
CLEVELAND CHS,2950,Cleveland
CLEVELAND EEC,,Cleveland
CLEVELAND INFANT CTR,,Cleveland
CLIFFORD ST M/T MAG,123,Glassell Park/Los Feliz
CLINTON MS,683,Jefferson/South Central (West)
CLOVER AVE EL,496,Hamilton
COCHRAN MS,523,LA Mid-City
COEUR D ALENE AVE EL,523,Venice
COHASSET ST EL,485,Monroe
COLDWATER CYN EL,630,Van Nuys/Valley Glen
COLFAX CEL,640,North Hollywood/Valley Village
COLISEUM ST EL,186,South Mid-City
COLLINS EEC,,
COLUMBUS AVE EL,427,Van Nuys/Valley Glen
COLUMBUS MS,706,Canoga Park/Chatsworth
COMMONWLTH AVE EL,550,MacArthur Park
COMMUNITY EL MAG CS,451,West LA
COMPTON AVE EL,298,Achievement Network
CONTRERAS LC ALC,485,MacArthur Park
CONTRERAS LC BUS TR,402,MacArthur Park
CONTRERAS LC GLBL ST,339,MacArthur Park
CONTRERAS LC SOC JUS,483,MacArthur Park
CORONA AVE EL,742,Bell/Cudahy/Maywood
CORTINES SCH OF VAPA,1173,Downtown
COUGHLIN EL,524,Sun Valley
COWAN AVE EL,418,Westchester
CRENSHAW ARTS TECH,636,
CRENSHAW MAG STEMM,,H.E.E.T. (C/D)
CRESCENT HTS BL EEC,,Hamilton
CRESCENT HTS BL EL MG,288,Hamilton
CRESTWOOD ST STEAM MG,376,San Pedro
CRUZ EEC,,MacArthur Park
CURTISS MS,474,Carson
DACOTAH EEC,,Boyle Heights
DAHLIA HTS EL,401,Eagle Rock/Highland Park
DANA MS,1588,San Pedro
DANUBE AVE EL,326,Kennedy/NAHS/VAAS
DARBY AVE EL,435,Kennedy/NAHS/VAAS
DAYTON EEC,,Glassell Park/Los Feliz
DAYTON HEIGHTS EL,336,Glassell Park/Los Feliz
DBM,1043,Downtown
DE LA TORRE JR EL,628,Wilmington
DEARBORN EL CA,532,Monroe
DEL AMO EL,316,Carson
DEL OLMO EL,629,Downtown
DELEVAN DRIVE EL,493,Eagle Rock/Highland Park
DENA EL,425,Boyle Heights
DENKER AVE EL,717,Gardena
DIXIE CYN CC,727,Van Nuys/Valley Glen
DODSON MS,1611,San Pedro
DOLORES ST EEC,,Carson
DOLORES ST EL,509,Carson
DOMINGUEZ EL,500,Carson
DORRIS PLACE EL,272,Glassell Park/Los Feliz
DORSEY SH,852,H.E.E.T. (C/D)
DREW MS,308,Rivera
DREW MS UP PBLC SRVC,800,Rivera
DYER ST EL,683,San Fernando Valley/Sylmar
DYMALLY SH,703,Rivera
EAGLE ROCK EL,793,Eagle Rock/Highland Park
EAGLE ROCK HS,2236,Eagle Rock/Highland Park
EAGLE TREE CONTN HS,68,Carson
EARHART HS,75,North Hollywood/Valley Village
EARLY COLLEGE ACAD,169,Jefferson/South Central (West)
EAST VALLEY SH,507,North Hollywood/Valley Village
EASTMAN AVE EEC,,East Los Angeles
EASTMAN AVE EL,692,East Los Angeles
EDISON MS,1028,Rivera
EINSTEIN HS,57,Monroe
EL DORADO AVE EL,404,San Fernando Valley/Sylmar
EL ORO WAY CES,417,Kennedy/NAHS/VAAS
EL SERENO EEC,,Lincoln Heights/El Sereno
EL SERENO EL,310,Lincoln Heights/El Sereno
EL SERENO MS,1097,Lincoln Heights/El Sereno
ELA OCC CTR - IND CHARTER,,
ELEMENTARY CDS,N/A,South Mid-City
ELIZABETH LC,1559,Bell/Cudahy/Maywood
ELLINGTON HS,38,H.E.E.T. (W)
ELYSIAN HTS ARTS MAG,340,Glassell Park/Los Feliz
EMELITA ST EL,278,Reseda
EMERSON CC,518,West LA
ENADIA WAY,235,Canoga Park/Chatsworth
ENCINO CEL,550,Taft
ERWIN EL,649,Van Nuys/Valley Glen
ESCALANTE EEC,,Bell/Cudahy/Maywood
ESCALANTE EL,537,Bell/Cudahy/Maywood
ESCUTIA PC,239,
ESHELMAN AVE EL,462,Harbor City/Lomita
ESPERANZA EL,721,MacArthur Park
ESTRELLA EEC,,Historic Central Avenue
ESTRELLA EL,519,Historic Central Avenue
EUCLID AVE EL,788,Boyle Heights
EVANS CAS - IND. CHARTER,,
EVERGREEN AVE EEC,,Boyle Heights
EVERGREEN AVE EL,593,Boyle Heights
EVERGREEN HS,52,San Fernando Valley/Sylmar
FAIR AVE EEC,,North Hollywood/Valley Village
FAIR AVE EL,680,North Hollywood/Valley Village
FAIRBURN AVE EL,446,West LA
FAIRFAX SH,1858,Fairfax
FARMDALE EL,372,Lincoln Heights/El Sereno
FERNANGELES EL,520,Sun Valley
FIGUEROA ST EL,437,Gardena
FISHBURN AVE EL,479,Bell/Cudahy/Maywood
FLEMING MS,1219,Harbor City/Lomita
FLETCHER DR EL,202,Glassell Park/Los Feliz
FLORENCE AVE EL,653,Huntington Park/Vernon
FLOURNOY EL,430,Achievement Network
FORD BLVD EL,920,East Los Angeles
FOSHAY LC,1859,Manual Arts/Vermont Square
FRANKLIN AVE EL,455,Glassell Park/Los Feliz
FRANKLIN HS,1455,Eagle Rock/Highland Park
FREMONT SH,2034,Fremont
FRIEDMAN OCC CTR,,
FRIES AVE EL,390,Wilmington
FROST MS,1516,Kennedy/NAHS/VAAS
FULLBRIGHT AVE EL,430,Cleveland
FULTON COLLEGE PREP,1296,Panorama City
GAGE MS,1358,Huntington Park/Vernon
GAL KING SCH FOR STEM,635,LA Mid-City
GARCETTI LA,663,Rivera
GARDEN GROVE EL,340,Reseda
GARDENA EEC,,Gardena
GARDENA EL,510,Gardena
GARDENA SH,1490,Gardena
GARDNER ST EL,307,Hollywood
GARFIELD SH,2505,East Los Angeles
GARVANZA EL T/L MAG,296,Eagle Rock/Highland Park
GARZA PC,109,Boyle Heights
GATES ST EEC,,Lincoln Heights/El Sereno
GATES ST EL,571,Lincoln Heights/El Sereno
GAULT ST EL,297,Reseda
GERMAIN ACAD AA,558,Canoga Park/Chatsworth
GLASSELL PARK EEC,,Glassell Park/Los Feliz
GLASSELL PK STEAM MAG,290,Glassell Park/Los Feliz
GLEDHILL ST EEC,,Monroe
GLEDHILL ST EL,361,Monroe
GLEN ALTA EL,139,Lincoln Heights/El Sereno
GLENFELIZ BLVD EEC,,Glassell Park/Los Feliz
GLENFELIZ BLVD EL,233,Glassell Park/Los Feliz
GLENWOOD EL,236,Sun Valley
GOMPERS MS,471,Achievement Network
GOMPERS MS UP MED MAG,158,Achievement Network
GRAHAM EEC,,Rivera
GRAHAM EL,690,Rivera
GRANADA EL,402,Kennedy/NAHS/VAAS
GRANADA - Independent Charter,,
GRAND VW BL EL,616,Venice
GRANT EEC,,Hollywood
GRANT EL,445,Hollywood
GRANT SH,1898,Van Nuys/Valley Glen
GRAPE ST EL,428,Fremont
GRATTS EEC,,MacArthur Park
GRATTS LA FOR YS,371,
GREY HS,109,Reseda
GRIDLEY ST EL,537,San Fernando Valley/Sylmar
GRIFFIN AVE EL,373,Lincoln Heights/El Sereno
GRIFFITH JOYNER EL,478,Fremont
GRIFFITH MS STEAM MG,1322,East Los Angeles
GULF AVE EL,730,Wilmington
HADDON AVE EEC,,San Fernando Valley/Sylmar
HADDON AVE EL,741,San Fernando Valley/Sylmar
HALE CA,2020,Taft
HALLDALE EL,484,Harbor City/Lomita
HAMASAKI MED/SCI MAG,440,East Los Angeles
HAMILTON SH,2573,Hamilton
HAMLIN CA,322,Canoga Park/Chatsworth
HANCOCK PARK EL,599,Fairfax
HARBOR CITY EL,467,Harbor City/Lomita
HARBOR OCC CTR,,Harbor City/Lomita
HARDING ST EL,409,San Fernando Valley/Sylmar
HARMONY EL,567,Historic Central Avenue
HARRISON ST EL,323,Lincoln Heights/El Sereno
HART ST EL,711,Canoga Park/Chatsworth
HARTE PREP MS,394,H.E.E.T. (W)
HARVARD EL,323,Hollywood
HASKELL EL STEAM MAG,580,Kennedy/NAHS/VAAS
HAWAIIAN AVE EEC,,Wilmington
HAWAIIAN AVE EL,589,Wilmington
HAWKINS SH C/DAGS,461,South Mid-City
HAWKINS SH CHAS,406,South Mid-City
HAWKINS SH RISE,239,South Mid-City
HAYNES CES,417,Taft
HAZELTINE AVE EL,721,Van Nuys/Valley Glen
HELIOTROPE AVE EL,557,Bell/Cudahy/Maywood
HENRY MS,1187,Kennedy/NAHS/VAAS
HERRICK AVE EL,444,San Fernando Valley/Sylmar
HESBY OAKS LEAD CHTR,531,Reseda
HIGHLAND PARK HS,57,Eagle Rock/Highland Park
HILLCREST DR EL,549,South Mid-City
HILLSIDE EL,124,Lincoln Heights/El Sereno
HOBART BLVD EEC,,Kreatwn/PcoUnion
HOBART BLVD EL,526,Kreatwn/PcoUnion
HOLLENBECK MS,1040,Boyle Heights
HOLLYWOOD EL,202,Hollywood
HOLLYWOOD SH,1345,Hollywood
HOLMES AVE EEC,,Huntington Park/Vernon
HOLMES AVE EL,167,Huntington Park/Vernon
HOLMES MS,1182,Monroe
HOOPER AVE EEC,,Historic Central Avenue
HOOPER AVE EL,833,Historic Central Avenue
HOOPER AVE PC,185,Historic Central Avenue
HOOVER ST EL,645,Kreatwn/PcoUnion
HOPE HS,62,Fremont
HOPE ST EL,498,Huntington Park/Vernon
HUBBARD ST EL,601,San Fernando Valley/Sylmar
HUERTA EL,342,Jefferson/South Central (West)
HUGHES EL,663,Bell/Cudahy/Maywood
HUMPHREYS AVE EL,496,East Los Angeles
HUNTINGTON DR EL,296,Lincoln Heights/El Sereno
HUNTNGTN PK EL,372,Huntington Park/Vernon
HUNTNGTN PK SH,1497,Huntington Park/Vernon
HYDE PARK EEC,,H.E.E.T. (C/D)
INDEPENDENCE EL,563,South Gate
INDEPENDENCE HS,125,Reseda
INTERNATIONAL ST LC,915,
IRVING MS MME MAG,764,Glassell Park/Los Feliz
ISAACS AVALON HS,53,Wilmington
IVANHOE EL,439,Glassell Park/Los Feliz
JEFFERSON SH,749,Historic Central Avenue
JOHNSON STEM ACADEMY,142,Westchester
JONES EL,309,Jefferson/South Central (West)
JONES PC,126,Manual Arts/Vermont Square
JORDAN SH,876,Fremont
JUSTICE ST ACAD CHTR,401,Taft
KAHLO HS,143,Jefferson/South Central (West)
KENNEDY EL,223,Lincoln Heights/El Sereno
KENNEDY SH,2373,Kennedy/NAHS/VAAS
KENTER CANYON EC,494,West LA
KENTWOOD EEC,,Westchester
KENTWOOD EL,320,Westchester
KESTER AVE EL,955,Van Nuys/Valley Glen
KIM ACADEMY,839,Kreatwn/PcoUnion
KIM EL,568,Kreatwn/PcoUnion
KING JR EL,393,Manual Arts/Vermont Square
KING MS MAG FLM/MDIA,1997,Glassell Park/Los Feliz
KING-DREW SH MD/S MG,1598,Rivera
KINGSLEY EL,355,Hollywood
KITTRIDGE ST EL,720,Van Nuys/Valley Glen
KNOLLWOOD PREP ACAD,428,Kennedy/NAHS/VAAS
KNOX EL,701,Achievement Network
KORENSTEIN EL,344,Sun Valley
LA SALLE AVE EL,357,H.E.E.T. (W)
LACES MAG,1634,Fairfax
LAFAYETTE PARK PC,92,MacArthur Park
LAKE BALBOA CP K-12,638,Reseda
LAKE ST PRIMARY,198,MacArthur Park
LANAI RD EL,550,Taft
LANE EL,345,East Los Angeles
LANGDON AVE EL,621,Monroe
LANKERSHIM EL,370,North Hollywood/Valley Village
LASSEN EL,455,Monroe
LATONA AVE EL,157,Lincoln Heights/El Sereno
LAUREL CACT MAG,241,Fairfax
LAUREL EEC,,
LAWRENCE MS,1344,Canoga Park/Chatsworth
LAWSON ACAD A/M/S EL,535,South Mid-City
LE CONTE MS,679,Hollywood
LEAPWOOD EL,224,Carson
LEE EL MED HLTH MAG,660,Downtown
LEGACY SH STEAM,643,South Gate
LEGACY SH VAPA,467,South Gate
LEICHMAN CPTC,211,Reseda
LELAND ST EL,434,San Pedro
LEMAY ST EEC,,Reseda
LEMAY ST EL,405,Reseda
LEWIS HS,64,Sun Valley
LEXINGTON AVE PC,120,Glassell Park/Los Feliz
LIBERTY BLVD EL,564,South Gate
LIECHTY MS,962,MacArthur Park
LIGGETT ST EL,610,Monroe
LILLIAN ST EL,429,Huntington Park/Vernon
LIMERICK AVE EL,716,Cleveland
LINCOLN SH,1123,Lincoln Heights/El Sereno
LIZARRAGA EL,584,Jefferson/South Central (West)
LOCKE EEC,,Achievement Network
LOCKE INFANT,,
LOCKHURST DR CEL,512,Taft
LOCKWOOD AVE EL,386,Glassell Park/Los Feliz
LOGAN ACADEMY,377,Downtown
LOGAN ST EEC,,Downtown
LOKRANTZ SP ED CTR,60,Reseda
LOMA VISTA EL,657,Bell/Cudahy/Maywood
LOMITA EL M/S/T MAG,869,Harbor City/Lomita
LONDON HS,103,Van Nuys/Valley Glen
LORENA ST EL,398,Boyle Heights
LORETO ST EL,307,Lincoln Heights/El Sereno
LORNE ST EL,458,Cleveland
LOS ANGELES ACAD MS,1159,Historic Central Avenue
LOS ANGELES EL,583,Kreatwn/PcoUnion
LOS ANGELES SH,1146,LA Mid-City
LOS ANGELES TECH CTR,,LA Mid-City
LOS FELIZ STEMM MAG,438,Glassell Park/Los Feliz
LOWMAN SP ED & CTC,136,Sun Valley
LOYOLA VILLG EL F/PAM,274,Westchester
MACARTHUR PK EL VAPA,466,MacArthur Park
MACES MAG,1356,Bell/Cudahy/Maywood
MACK EL,338,Manual Arts/Vermont Square
MACLAY MS,412,Sun Valley
MADISON EL,554,South Gate
MADISON MS,1594,Van Nuys/Valley Glen
MAGNOLIA AVE EL,686,Kreatwn/PcoUnion
MAGNOLIA SCI ACAD #2,,Kreatwn/PcoUnion
MAGNOLIA SCI ACAD #4,,Kreatwn/PcoUnion
MAGNOLIA SCI-BELL@SR,,Kreatwn/PcoUnion
MAIN ST EL,779,Historic Central Avenue
MALABAR ST EL,489,Boyle Heights
MANCHESTER AVE EL,724,Fremont
MANHATTAN PLACE EL,297,H.E.E.T. (W)
MANN UCLA COMM SCH,567,South Mid-City
MANUAL ARTS SH,1170,Manual Arts/Vermont Square
MAPLE PC,195,Jefferson/South Central (West)
MAR VISTA EL,578,Venice
MARIANNA AVE EL,320,East Los Angeles
MARINA DEL REY MS,492,Venice
MARINA EEC,,Venice
MARIPOSA-NABI PC,146,Kreatwn/PcoUnion
MARK TWAIN MS,888,Venice
MARKHAM MS,710,Fremont
MARLTON SCHOOL,174,Hamilton
MARQUEZ CHARTER,431,West LA
MARQUEZ SH HPIAM,800,Huntington Park/Vernon
MARQUEZ SH LIBRA,673,Huntington Park/Vernon
MARQUEZ SH SOC JUS,656,Huntington Park/Vernon
MARSHALL SH,2234,Glassell Park/Los Feliz
MARVIN EEC,,Fairfax
MARVIN EL,637,Fairfax
MAYALL ST AC A/T MAG,476,Kennedy/NAHS/VAAS
MAYBERRY ST EL,192,Glassell Park/Los Feliz
MAYWOOD ACADEMY SH,1084,Bell/Cudahy/Maywood
MAYWOOD EL,510,Bell/Cudahy/Maywood
MCALISTER HS CYESIS,107,MacArthur Park
MCAULIFFE EEC,,Huntington Park/Vernon
MCBRIDE SP ED CTR,137,Venice
MCKINLEY AVE EL,689,Rivera
MELROSE AVE EL M/S MG,462,Fairfax
MELVIN AVE EL,369,Cleveland
MENDEZ SH,969,Boyle Heights
MENLO AVE EL,419,Manual Arts/Vermont Square
MERIDIAN EEC,,Eagle Rock/Highland Park
METROPOLITAN HS,43,Boyle Heights
MEYLER ST EL,678,Harbor City/Lomita
MICHELTORENA ST EL,394,Glassell Park/Los Feliz
MID-CITY PSES MAG,227,Fairfax
MIDDLE COLLEGE HS,407,South Mid-City
MIDDLETON ST EL,794,Huntington Park/Vernon
MIDDLETON ST PC,250,Huntington Park/Vernon
MIKES EEC,,Fremont
MILES AVE EEC,,Huntington Park/Vernon
MILES AVE EL,899,Huntington Park/Vernon
MILLER CTC,214,Cleveland
MILLER EL,685,Fremont
MILLIKAN MS AC & PAM,1652,Van Nuys/Valley Glen
MIRAMONTE EEC,,Rivera
MIRAMONTE EL,705,Rivera
MISSION HS,84,San Fernando Valley/Sylmar
MONETA HS,48,Gardena
MONLUX EL,685,Van Nuys/Valley Glen
MONROE SH,1968,Monroe
MONTARA AVE EL,744,South Gate
MONTE VISTA EEC,,Eagle Rock/Highland Park
MONTE VISTA ST EL,269,Eagle Rock/Highland Park
MONTEREY HS,48,East Los Angeles
MOORE M/S/T ACAD,578,Rivera
MORNINGSIDE EL,483,San Fernando Valley/Sylmar
MOSK EL,518,Cleveland
MOUNT GLEASON MS,829,Sunland/Tujunga
MOUNTAIN VIEW EL,482,Sunland/Tujunga
MT LUKENS HS,31,Sunland/Tujunga
MT WASHINGTON EL,447,Eagle Rock/Highland Park
MUIR MS,710,South Mid-City
MULHOLLAND MS,1251,Reseda
MULTNOMAH ST EL,344,Lincoln Heights/El Sereno
MURCHISON EEC,,Lincoln Heights/El Sereno
MURCHISON ST EL,354,Lincoln Heights/El Sereno
NAPA ST EL,446,Cleveland
NARBONNE SH,1953,Harbor City/Lomita
NARBONNE SH HARTS LA,391,Harbor City/Lomita
NAVA COLLEGE PREP,650,Historic Central Avenue
NAVA LEARNING ACADEMY,690,
NESTLE AVE CHARTER,489,Taft
NEVADA AVE EL,408,Canoga Park/Chatsworth
NEVIN AVE EL,528,Historic Central Avenue
NEW ACAD CP - IND CHARTER,,
NEWCASTLE EL,298,Reseda
NEWMARK HS,103,Downtown
NIGHTINGALE MS,858,Lincoln Heights/El Sereno
NIMITZ MS,1370,Huntington Park/Vernon
NORTH HOLLYWD SH NHHS,2236,North Hollywood/Valley Village
NOBEL CMS,,Canoga Park/Chatsworth
NOBLE AVE EEC,769,Panorama City
NOBLE AVE EL,,Panorama City
NORMANDIE AVE EEC,707,Manual Arts/Vermont Square
NORMANDIE AVE EL,,Manual Arts/Vermont Square
NORMONT EEC,291,Harbor City/Lomita
NORMONT EL,2671,Harbor City/Lomita
NORTH VALLEY OCC CTR,,
NORTHRIDGE ACAD SH,973,Kennedy/NAHS/VAAS
NORTHRIDGE EEC,,Cleveland
NORTHRIDGE MS,770,Cleveland
NORWOOD ST EL,421,Manual Arts/Vermont Square
NUEVA VISTA EL,795,Bell/Cudahy/Maywood
OBAMA EL,473,Panorama City
OBAMA GLBL PREP ACAD,633,Manual Arts/Vermont Square
OCHOA LC,449,Bell/Cudahy/Maywood
ODYSSEY HS,1267,South Gate
OLIVE VISTA MS,105,San Fernando Valley/Sylmar
OLYMPIC PC,1158,MacArthur Park
O'MELVENY EL,155,San Fernando Valley/Sylmar
OPEN CHARTER MAG,397,Westchester
ORCHARD ACADEMIES 2B,465,Bell/Cudahy/Maywood
ORCHARD ACADEMIES 2C,350,Bell/Cudahy/Maywood
ORTHOPAEDIC HSP SH MG,795,Jefferson/South Central (West)
OSCEOLA ST EL,378,San Fernando Valley/Sylmar
OVERLAND AVE EL,479,Hamilton
OWENSMOUTH HS,89,Canoga Park/Chatsworth
OXNARD ST EL,342,North Hollywood/Valley Village
PACIFIC BLVD SCHOOL,442,Huntington Park/Vernon
PACOIMA EEC,,San Fernando Valley/Sylmar
PACOIMA MS,1037,Sun Valley
PALISADES CEL,456,West LA
PALISADES CHS,,West LA
PALMS EL,307,Hamilton
PALMS MS,1301,Hamilton
PANORAMA CITY EL,484,Monroe
PANORAMA SH,1372,Panorama City
PARK AVE EL,384,Bell/Cudahy/Maywood
PARK WESTERN EEC,,San Pedro
PARK WSTN PL EL,626,San Pedro
PARKS LC,571,Monroe
PARKS/HUERTA EEC,,South Mid-City
PARMELEE AVE EL,748,Rivera
PARTHENIA AC ART TEC,500,Monroe
PASEO DEL REY EL MAG,251,Westchester
PATTON HS,44,Harbor City/Lomita
PEARL SH JRNLS/CMM MG,263,Cleveland
PEARY MS,1244,Gardena
PEREZ SP ED CTR,307,East Los Angeles
PHOENIX HS,44,Venice
PINEWOOD AVE EEC,,Sunland/Tujunga
PINEWOOD AVE EL,185,Sunland/Tujunga
PIO PICO MS,403,LA Mid-City
PLAINVIEW ACADEMC CA,272,Sunland/Tujunga
PLASENCIA EL,545,Downtown
PLAYA DEL REY EL,284,Venice
PLAYA VISTA EL,531,Westchester
PLUMMER EL,755,Monroe
POINDEXTER LAMOTTE EL,504,Manual Arts/Vermont Square
POLITI EL,690,Kreatwn/PcoUnion
POLYTECHNIC SH,2540,Sun Valley
POMELO COMMUNITY CS,577,Taft
PORTER MS,1228,Kennedy/NAHS/VAAS
PORTER RANCH SCHOOL,1222,Canoga Park/Chatsworth
PORTOLA CM,1683,Taft
PRESIDENT AVE EL,449,Harbor City/Lomita
PRIMARY ACADEMY,252,Monroe
PT FERMIN EL MR/S MG,333,San Pedro
PUEBLO DE LA HS,74,Lincoln Heights/El Sereno
PURCHE AVE EL,434,Gardena
QUEEN ANNE PL EL,408,LA Mid-City
RAMONA EL,383,Hollywood
RAMONA HS,34,East Los Angeles
RAMONA INFANT,,
RANCHITO AVE EL,456,Panorama City
RANCHO DOMNGZ PREP,742,Carson
RAYMOND AVE EL,499,H.E.E.T. (W)
REED MS,1612,North Hollywood/Valley Village
REGIONAL SH IDTE MAG,,
RESEDA CHARTER HS,1445,Reseda
RESEDA EL,413,Reseda
REVERE CMS,1987,West LA
RFK AMBSDR GLBL EDU,325,Kreatwn/PcoUnion
RFK AMBSDR GLBL LDSH,568,Kreatwn/PcoUnion
RFK LA SH ARTS,437,Kreatwn/PcoUnion
RFK NEW OPEN WLD,1050,Kreatwn/PcoUnion
RFK SCH VIS ARTS/HUM,443,Kreatwn/PcoUnion
RFK UCLA COMM SCH,971,Kreatwn/PcoUnion
RICHLAND AVE EL,326,West LA
RIDE EL SMART ACAD,472,Historic Central Avenue
RILEY HS CYESIS,47,Fremont
RIO VISTA EL,393,North Hollywood/Valley Village
RIORDAN PC,148,Eagle Rock/Highland Park
RITTER EL,331,Fremont
RIVERA LC COM & TECH,516,Rivera
RIVERA LC GD STEAM AC,603,Rivera
RIVERA LC PERF ARTS,522,Rivera
RIVERA LC PUB SRV,539,Rivera
RIVERSIDE DR CS,481,Van Nuys/Valley Glen
ROBERTI EEC,,Historic Central Avenue
ROCKDALE VAPA MAG,336,Eagle Rock/Highland Park
RODIA HS,139,South Gate
ROGERS HS,177,Van Nuys/Valley Glen
ROMER MS,979,North Hollywood/Valley Village
ROOSEVELT INFANT,,Boyle Heights
ROOSEVELT SH,1470,Boyle Heights
ROOSEVELT SH STM MAG,553,Boyle Heights
ROSCOE EL,530,Sun Valley
ROSCOMARE RD EL,433,West LA
ROSEMONT AVE EEC,,Downtown
ROSEMONT AVE EL,233,Downtown
ROSEWOOD UP/UD MAG,300,Fairfax
ROWAN AVE EL,740,East Los Angeles
ROYBAL LC,858,Downtown
ROYBAL-ALLARD EL,532,Huntington Park/Vernon
RUSSELL EL,820,Rivera
SALVIN SP ED CTR,104,Manual Arts/Vermont Square
SAN ANTONIO EL,540,Huntington Park/Vernon
SAN ANTONIO HS,142,Huntington Park/Vernon
SAN FERNANDO EEC,,San Fernando Valley/Sylmar
SAN FERNANDO EL,577,San Fernando Valley/Sylmar
SAN FERNANDO MS,583,San Fernando Valley/Sylmar
SAN FERNANDO MS IAM,399,San Fernando Valley/Sylmar
SAN FERNANDO SH,2060,San Fernando Valley/Sylmar
SAN GABRIEL AVE EL,571,South Gate
SAN JOSE ST EL,672,Kennedy/NAHS/VAAS
SAN MIGUEL EL,820,South Gate
SAN PASCUAL STEAM MG,280,Eagle Rock/Highland Park
SAN PEDRO SH,2754,San Pedro
SAN PEDRO ST EL,563,Jefferson/South Central (West)
SANTA MON. BLVD - IND CHARTER,,
SANTANA ART AC,430,Monroe
SANTEE EC,1782,Jefferson/South Central (West)
SATICOY EL,535,Sun Valley
SATURN ST EL,302,Fairfax
SCIENCE AC STEM MAG,386,North Hollywood/Valley Village
SECONDARY CDS,N/A,South Mid-City
SELMA AVE EL,80,Hollywood
SENDAK EL,410,North Hollywood/Valley Village
SEPULVEDA MS,1160,Monroe
SERRANIA AVE CES,605,Taft
SHARP AVE EL,554,Sun Valley
SHENANDOAH ST EEC,,Hamilton
SHENANDOAH ST EL,363,Hamilton
SHERIDAN ST EL,682,Boyle Heights
SHERMAN OAKS EL CS,669,Van Nuys/Valley Glen
SHIRLEY AVE EL,437,Reseda
SHORT AVE EL,342,Venice
SIERRA PARK EL,346,Lincoln Heights/El Sereno
SIERRA VISTA EL,180,Lincoln Heights/El Sereno
SLAWSON OCC CTR,,
SOCES MAG,2100,Reseda
SOLANO AVE EL,227,Lincoln Heights/El Sereno
SOLIS LA,249,East Los Angeles
SOTO ST EL,220,Boyle Heights
SOTOMAYOR ART/SCI MAG,643,Glassell Park/Los Feliz
SOUTH EAST SH,1985,South Gate
SOUTH GATE MS,1565,South Gate
SOUTH GATE SH,2048,South Gate
SOUTH PARK EL,979,Fremont
SOUTH SHORES EL PA MG,452,San Pedro
SOUTHEAST MS,1276,South Gate
STAGG ST EL,444,Cleveland
STANFORD AVE EL,472,South Gate
STANFORD AVE PC,159,South Gate
STATE ST EEC,,South Gate
STATE ST EL,480,South Gate
STERRY EL,236,West LA
STEVENSON CCP,993,Boyle Heights
STONEHURST STEAM MAG,297,Sunland/Tujunga
STONER AVE EL,293,Venice
STONEY POINT HS,95,Canoga Park/Chatsworth
STRATHERN ST EL,534,Sun Valley
SUN VALLEY MAG ET,1392,Sun Valley
SUNLAND EL,369,Sunland/Tujunga
SUNNY BRAE AVE EL,530,Cleveland
SUNRISE EL,346,Boyle Heights
SUPERIOR ST EL,486,Canoga Park/Chatsworth
SUTTER MS,840,Cleveland
SYLMAR ACAD BH/E MAG,233,San Fernando Valley/Sylmar
SYLMAR CHS,1601,San Fernando Valley/Sylmar
SYLMAR EL,448,San Fernando Valley/Sylmar
SYLMAR LDSHP ACAD,877,
SYLVAN PARK EEC,,Van Nuys/Valley Glen
SYLVAN PARK EL,754,Van Nuys/Valley Glen
TAFT CHS,2380,Taft
TAPER AVE EL,737,San Pedro
TARZANA EL,273,Reseda
TELFAIR AVE EEC,,San Fernando Valley/Sylmar
TELFAIR AVE EL,691,San Fernando Valley/Sylmar
THOREAU HS,80,Taft
TOLAND WAY EL,296,Eagle Rock/Highland Park
TOLUCA LAKE EEC,,North Hollywood/Valley Village
TOLUCA LAKE EL,491,North Hollywood/Valley Village
TOPANGA EL CS,218,West LA
TOPEKA DR CAS,567,Canoga Park/Chatsworth
TORRES ELA PA MAG,409,East Los Angeles
TORRES ENG & TECH,370,East Los Angeles
TORRES HS SJLA MAG,254,East Los Angeles
TORRES HUM/ART/TECH,415,East Los Angeles
TORRES RENAISSANCE,449,East Los Angeles
TOWNE AVE EL,311,Carson
TRINITY EEC,,Jefferson/South Central (West)
TRINITY ST EL,267,Jefferson/South Central (West)
TULSA ST EL,446,Kennedy/NAHS/VAAS
TWEEDY EL,554,South Gate
UNION AVE EL,983,MacArthur Park
UNIVERSITY HS CHARTER,1501,West LA
UTAH ST EL,410,Boyle Heights
VALERIO ST EL,802,Panorama City
VALLEY ACAD ARTS/SCI,1006,Kennedy/NAHS/VAAS
VALLEY VIEW EL,221,Hollywood
VAN DEENE AVE EL,336,Harbor City/Lomita
VAN GOGH CHTR,425,Kennedy/NAHS/VAAS
VAN NESS AVE EL,197,Hollywood
VAN NUYS EL,505,Van Nuys/Valley Glen
VAN NUYS MS,954,Van Nuys/Valley Glen
VAN NUYS SH,2601,Van Nuys/Valley Glen
VANALDEN AVE EEC,,Reseda
VANALDEN AVE EL,447,Reseda
VAUGHN EEC,,San Fernando Valley/Sylmar
VENA AVE EL,548,Sun Valley
VENICE SH,2050,Venice
VENICE SKILLS CENTER,,Venice
VERDGO HLS SH,1265,Sunland/Tujunga
VERMONT AVE EL,447,Manual Arts/Vermont Square
VERNON CITY EL,191,Huntington Park/Vernon
VICTORIA AVE EL,394,South Gate
VICTORY BLVD EL,502,North Hollywood/Valley Village
VIEW PARK CONTN HS,28,H.E.E.T. (C/D)
VINE ST EEC,,Hollywood
VINE ST EL,315,Hollywood
VINEDALE COLLEGE PRP,233,Sun Valley
VINTAGE EL M/S/T MAG,784,Monroe
VIRGIL MS,1147,Downtown
VIRGINIA RD EL,240,LA Mid-City
VISTA DEL VALLE ACAD,437,San Fernando Valley/Sylmar
VISTA MS,1239,Panorama City
VLADOVIC HARBOR TPA,459,Wilmington
VOCES MAG,340,Sun Valley
WADSWORTH AVE EEC,,Jefferson/South Central (West)
WADSWORTH AVE EL,642,Jefferson/South Central (West)
WALGROVE AVE EL,254,Venice
WALNUT PARK EL,620,Huntington Park/Vernon
WALNUT PARK MS SJ/SL,458,Huntington Park/Vernon
WALNUT PARK MS STEM,412,Huntington Park/Vernon
WARNER AVE EL,657,West LA
WASHINGTON PC,163,Fremont
WASHINGTON PREP SH,730,H.E.E.T. (W)
WATERS EMP PREP- IND CHARTER,,
WEBSTER MS,444,West LA
WEEMES EL,461,Manual Arts/Vermont Square
WEIGAND AVE EL,383,Achievement Network
WELBY WAY CEL,770,Taft
WESM HLTH/SPORTS MED,730,Westchester
WEST ADAMS PREP SH,1159,Kreatwn/PcoUnion
WEST ATHENS EL,660,H.E.E.T. (W)
WEST HOLLYWOOD EL,372,Fairfax
WEST VALLEY OCC CTR,,
WEST VERNON AVE EL,632,Jefferson/South Central (West)
WESTERN AV TECH MAG,583,South Mid-City
WESTMINSTER AVE EEC,,Venice
WESTMINSTER MTES MAG,408,Venice
WESTPORT HTS EL,214,Westchester
WESTSIDE GLBL AWR MAG,338,Venice
WESTWOOD CEL,786,West LA
WHITE EL,331,MacArthur Park
WHITE MS,1638,Carson
WHITE POINT EL,335,San Pedro
WHITMAN HS,59,Fairfax
WIDNEY CPTC,283,Manual Arts/Vermont Square
WILBUR CEA,602,Taft
WILLENBERG SP ED CTR,200,San Pedro
WILLOW EL,491,South Gate
WILMINGTON EEC,,Wilmington
WILMINGTON PARK EL,600,Wilmington
WILMINGTON STEAM MAG,1551,Wilmington
WILSHIRE CREST EL,116,LA Mid-City
WILSHIRE PARK EL,391,LA Mid-City
WILSON SH,1475,Lincoln Heights/El Sereno
WILSON-LINCOLN CAS,,Lincoln Heights/El Sereno
WILTON PL EEC,,LA Mid-City
WILTON PL EL,414,LA Mid-City
WINDSOR HILLS EL MAG,456,Westchester
WINNETKA AVE EL,417,Cleveland
WISDOM EL,783,Rivera
WONDERLAND AVE EL,468,Hollywood
WOODCREST EL,680,H.E.E.T. (W)
WOODEN HS,94,Cleveland
WOODLAKE ECC,516,Taft
WOODLAND HILLS ACAD,618,Taft
WOODLAND HILLS CES,662,Taft
WOODLAWN AVE EL,655,Bell/Cudahy/Maywood
WRIGHT ENG DES MAG,514,Westchester
YES ACADEMY,455,H.E.E.T. (C/D)
YORKDALE EL,240,Eagle Rock/Highland Park
YOUNG HS,57,H.E.E.T. (C/D)
YTH OPP UNLTD ALT HS,168,Fremont
